{"cameraMode":{"drawMode":0,"name":"Shaded","section":"Shading Mode"},"sceneLighting":true,"audioPlay":false,"sceneViewState":{"m_AlwaysRefresh":false,"showFog":true,"showSkybox":true,"showFlares":true,"showImageEffects":true,"showParticleSystems":true,"showVisualEffectGraphs":true,"m_FxEnabled":true},"in2DMode":false,"pivot":{"x":251.07688903808595,"y":26.36284065246582,"z":404.1718444824219},"rotation":{"x":-0.04339295253157616,"y":-0.9434952735900879,"z":0.13402321934700013,"w":-0.30079638957977297},"size":1.8017334938049317,"orthographic":false}